tarih,ticker,close,shock_score,watch_score,meta_score,risk_adjusted_score,effective_min_score,z_vol,z_range,z_flow,z_lambda,cmf20,resilience_score,grp,sector_score,sec_cmf,sec_ret20,excess_return,rel_1m_pct,rel_3m_pct,trend_persistence,event_score,flow_score,activity_score,liquidity_score,non_price_score,overnight_risk,liq20,volatility,current_positive,crash_resilient,crash_survivor,meta_regime,meta_regime_confidence,macro_label,macro_stress,meta_selection,weight_pct,model_variant,signal_score,regime_label,regime_confidence,label_version,entry_price,realized_1d,realized_3d,realized_5d,gross_5d,cost_rt
2026-10-01,TKFEN,251.0,73.8,73.8,73.8,73.8,72.6,-0.0767771437383041,0.12865845386345307,1.2716321588599089,3.0861391456461305,0.22912299699934172,85.97058570055039,2.0,82.83333333333334,-0.047685762163662125,13.553505226259997,4.379279264103974,99.20634920634922,100.0,99.64285714285715,52.93007804617995,75.60396039603961,36.87128712871287,95.43650793650794,65.0,38.446845041647016,1550025062.0857773,5.0508714575522164,True,True,True,EXPANSION,0.98,NEUTRAL,0.429,SELECTED,2.9,active,73.8,EXPANSION,0.98,2,,,,,,
2026-10-01,HUNER,4.590000152587891,71.6,71.6,71.6,71.6,72.6,0.10904700595905452,-0.30219348379046906,1.9891678683131058,0.8369796547269671,0.12791400889765422,69.50946922939862,2.0,67.25000000000001,-0.047685762163662125,13.553505226259997,0.22727792420651483,99.0079365079365,97.13701431492842,97.97892930178207,40.052396559070104,88.35643564356437,44.0,83.13492063492063,63.9,30.700962596259625,266620402.32587302,3.4772166906285076,True,True,False,EXPANSION,0.98,NEUTRAL,0.429,WATCH,0.0,active,71.6,EXPANSION,0.98,2,,,,,,
2026-10-01,BAHKM,158.39999389648438,71.5,71.5,71.5,71.5,72.6,-0.01408512958069686,-1.0261298670017807,0.024980301137197104,-0.5444285170453249,0.1756567179152543,46.05025214663257,2.0,82.79166666666667,-0.047685762163662125,13.553505226259997,-2.3568029806388724,93.84920634920636,98.77300613496932,96.557296231376,16.32470539078652,60.633663366336634,25.346534653465348,86.30952380952381,45.4,56.52140892660695,355217815.295372,6.622433284042145,True,False,False,EXPANSION,0.98,NEUTRAL,0.429,WATCH,0.0,active,71.5,EXPANSION,0.98,2,,,,,,
2026-10-01,TCELL,99.1500015258789,71.5,71.5,71.5,71.5,72.6,-0.2144539436174765,0.1983776684111055,1.496621640363928,5.890405937323719,0.09405985323788535,56.81116544738225,2.0,74.35416666666667,-0.047685762163662125,13.553505226259997,-0.9171245595497535,95.83333333333334,80.3680981595092,87.32745398773008,56.60604214247473,75.56435643564356,19.485148514851485,97.02380952380952,63.0,9.731993556498509,2241874366.946064,2.0731289679660545,True,False,False,EXPANSION,0.98,NEUTRAL,0.429,WATCH,0.0,active,71.5,EXPANSION,0.98,2,,,,,,
2026-10-01,TOASO,265.25,71.0,71.0,71.0,71.0,72.6,-0.2130963121968067,-1.0053708794470684,-0.17472813245859253,0.5190646907221844,0.2001700219604041,39.231312423529815,2.0,80.60416666666667,-0.047685762163662125,13.553505226259997,-2.850447085579,95.63492063492063,75.4601226993865,84.53878177037686,20.931504382250534,60.67326732673267,22.693069306930692,94.04761904761905,47.8,28.012957724343863,997426768.75,3.330540482167633,True,False,False,EXPANSION,0.98,NEUTRAL,0.429,WATCH,0.0,active,71.0,EXPANSION,0.98,2,,,,,,
2026-10-01,RYSAS,24.200000762939453,70.7,70.7,70.7,70.7,72.6,-0.1735690590610269,-1.0184717286908944,-0.7547631941761046,-0.8316560653666756,0.04335687180017756,33.99186935064388,2.0,83.77083333333334,-0.047685762163662125,13.553505226259997,-4.420394068900679,50.198412698412696,95.50102249488752,75.11484808647386,10.152729004851409,51.44554455445544,13.742574257425742,85.11904761904762,38.3,35.538625648279115,336147288.0197439,3.6012444321819403,False,False,False,EXPANSION,0.98,NEUTRAL,0.429,WATCH,0.0,active,70.7,EXPANSION,0.98,2,,,,,,
2026-10-01,EFOR,14.130000114440918,70.6,70.6,70.6,70.6,72.6,-0.4291560930472967,-1.9279533403385054,1.0010789104330045,0.3704977369618377,-0.06303182508169385,54.603650931009795,9.0,43.3125,-0.09925103420477131,-2.1872408708932625,-0.19384835007338896,58.730158730158735,81.79959100204499,71.41834647969618,10.839838057372303,50.811881188118804,3.8811881188118815,94.64285714285714,38.2,55.70551233694798,1232089121.9625306,5.611668102052543,True,False,False,EXPANSION,0.98,NEUTRAL,0.429,WATCH,0.0,active,70.6,EXPANSION,0.98,2,,,,,,
2026-10-01,HRKET,8.489999771118164,70.3,70.3,70.3,70.3,72.6,0.03189872219398577,-0.009592624843832933,1.1579068121781388,0.8616592044443204,0.25716091641830696,68.12939371174231,2.0,69.41666666666667,-0.047685762163662125,13.553505226259997,0.723901952010686,99.8015873015873,96.11451942740287,97.77369997078587,41.95628454040069,74.77227722772277,33.86138613861387,85.9126984126984,59.0,50.33721122112212,352652738.32167053,4.505433544805111,True,True,False,EXPANSION,0.98,NEUTRAL,0.429,WATCH,0.0,active,70.3,EXPANSION,0.98,2,,,,,,
2026-10-01,ANSGR,24.1200008392334,70.2,70.2,70.2,70.2,72.6,-0.2860109400403716,-0.875776226285262,1.1805759061802144,3.093946616039082,0.14462582142243824,46.69241254487391,2.0,79.39583333333334,-0.047685762163662125,13.553505226259997,-2.232794761373569,76.38888888888889,77.91411042944786,77.22776073619633,30.177069804752406,72.1980198019802,16.03960396039604,61.30952380952381,46.2,18.511107182146787,80734576.2,1.790253386427756,True,False,False,EXPANSION,0.98,NEUTRAL,0.429,WATCH,0.0,active,70.2,EXPANSION,0.98,2,,,,,,
2026-10-01,OYAKC,20.799999237060547,70.2,70.2,70.2,70.2,72.6,-0.3227446302559444,-0.23008653097109863,1.072008413407353,3.911961585251212,0.04977610619505049,54.549026241244405,2.0,74.5,-0.047685762163662125,13.553505226259997,-1.1206157371848713,83.13492063492063,90.1840490797546,87.01194127957932,40.584230367861856,64.87128712871286,14.059405940594058,82.53968253968253,51.0,20.173078736445078,258266977.23182327,2.9195103853445934,True,False,False,EXPANSION,0.98,NEUTRAL,0.429,WATCH,0.0,active,70.2,EXPANSION,0.98,2,,,,,,
